{
    "configs" : [
        {
            "remarks" : "VC智能切换",
            "id" : "",
            "server" : "vc-1.uspeeder.com",
            "server_port" : 15229,
            "server_udp_port" : 0,
            "password" : "jq7n1J6o",
            "method" : "none",
            "protocol" : "auth_chain_a",
            "protocolparam" : "",
            "obfs" : "tls1.2_ticket_auth",
            "obfsparam" : "tw.iqiyi.com",
            "remarks_base64" : "VkPmmbrog73liIfmjaI",
            "group" : "9ifast",
            "enable" : true,
            "udp_over_tcp" : false
        },
        {
            "remarks" : "RS俄罗斯1(视频)",
            "id" : "",
            "server" : "rs-1.uspeeder.com",
            "server_port" : 15229,
            "server_udp_port" : 0,
            "password" : "jq7n1J6o",
            "method" : "none",
            "protocol" : "auth_chain_a",
            "protocolparam" : "",
            "obfs" : "tls1.2_ticket_auth",
            "obfsparam" : "tw.iqiyi.com",
            "remarks_base64" : "UlPkv4TnvZfmlq8xKOinhumikSk",
            "group" : "9ifast",
            "enable" : true,
            "udp_over_tcp" : false
        },
        {
            "remarks" : "RS俄罗斯2(Netflix专用)",
            "id" : "",
            "server" : "rs-2.uspeeder.com",
            "server_port" : 15229,
            "server_udp_port" : 0,
            "password" : "jq7n1J6o",
            "method" : "none",
            "protocol" : "auth_chain_a",
            "protocolparam" : "",
            "obfs" : "tls1.2_ticket_auth",
            "obfsparam" : "tw.iqiyi.com",
            "remarks_base64" : "UlPkv4TnvZfmlq8yKE5ldGZsaXjkuJPnlKgp",
            "group" : "9ifast",
            "enable" : true,
            "udp_over_tcp" : false
        },
        {
            "remarks" : "PH菲律宾(视频)",
            "id" : "",
            "server" : "ph-1.uspeeder.com",
            "server_port" : 15229,
            "server_udp_port" : 0,
            "password" : "jq7n1J6o",
            "method" : "none",
            "protocol" : "auth_chain_a",
            "protocolparam" : "",
            "obfs" : "tls1.2_ticket_auth",
            "obfsparam" : "tw.iqiyi.com",
            "remarks_base64" : "UEjoj7Llvovlrr4o6KeG6aKRKQ",
            "group" : "9ifast",
            "enable" : true,
            "udp_over_tcp" : false
        },
        {
            "remarks" : "US美国1(Netflix/HBO/DIRECTV)",
            "id" : "",
            "server" : "us-1.uspeeder.com",
            "server_port" : 15229,
            "server_udp_port" : 0,
            "password" : "jq7n1J6o",
            "method" : "none",
            "protocol" : "auth_chain_a",
            "protocolparam" : "",
            "obfs" : "tls1.2_ticket_auth",
            "obfsparam" : "tw.iqiyi.com",
            "remarks_base64" : "VVPnvo7lm70xKE5ldGZsaXgvSEJPL0RJUkVDVFYp",
            "group" : "9ifast",
            "enable" : true,
            "udp_over_tcp" : false
        },
        {
            "remarks" : "US美国2(Netflix/HBO/DIRECTV)",
            "id" : "",
            "server" : "us-2.uspeeder.com",
            "server_port" : 15229,
            "server_udp_port" : 0,
            "password" : "jq7n1J6o",
            "method" : "none",
            "protocol" : "auth_chain_a",
            "protocolparam" : "",
            "obfs" : "tls1.2_ticket_auth",
            "obfsparam" : "tw.iqiyi.com",
            "remarks_base64" : "VVPnvo7lm70yKE5ldGZsaXgvSEJPL0RJUkVDVFYp",
            "group" : "9ifast",
            "enable" : true,
            "udp_over_tcp" : false
        },
        {
            "remarks" : "US美国3(Netflix/HBO/DIRECTV)",
            "id" : "",
            "server" : "us-3.uspeeder.com",
            "server_port" : 15229,
            "server_udp_port" : 0,
            "password" : "jq7n1J6o",
            "method" : "none",
            "protocol" : "auth_chain_a",
            "protocolparam" : "",
            "obfs" : "tls1.2_ticket_auth",
            "obfsparam" : "tw.iqiyi.com",
            "remarks_base64" : "VVPnvo7lm70zKE5ldGZsaXgvSEJPL0RJUkVDVFYp",
            "group" : "9ifast",
            "enable" : true,
            "udp_over_tcp" : false
        },
        {
            "remarks" : "US美国4(Hulu/Sling TV专线)",
            "id" : "",
            "server" : "us-4.uspeeder.com",
            "server_port" : 15229,
            "server_udp_port" : 0,
            "password" : "jq7n1J6o",
            "method" : "none",
            "protocol" : "auth_chain_a",
            "protocolparam" : "",
            "obfs" : "tls1.2_ticket_auth",
            "obfsparam" : "tw.iqiyi.com",
            "remarks_base64" : "VVPnvo7lm700KEh1bHUvU2xpbmcgVFbkuJPnur8p",
            "group" : "9ifast",
            "enable" : true,
            "udp_over_tcp" : false
        },
        {
            "remarks" : "US美国5(MLB/Showtime)",
            "id" : "",
            "server" : "us-5.uspeeder.com",
            "server_port" : 15229,
            "server_udp_port" : 0,
            "password" : "jq7n1J6o",
            "method" : "none",
            "protocol" : "auth_chain_a",
            "protocolparam" : "",
            "obfs" : "tls1.2_ticket_auth",
            "obfsparam" : "tw.iqiyi.com",
            "remarks_base64" : "VVPnvo7lm701KE1MQi9TaG93dGltZSk",
            "group" : "9ifast",
            "enable" : true,
            "udp_over_tcp" : false
        },
        {
            "remarks" : "HK香港1(Netflix/TVB)",
            "id" : "",
            "server" : "hk-1.uspeeder.com",
            "server_port" : 15229,
            "server_udp_port" : 0,
            "password" : "jq7n1J6o",
            "method" : "none",
            "protocol" : "auth_chain_a",
            "protocolparam" : "",
            "obfs" : "tls1.2_ticket_auth",
            "obfsparam" : "tw.iqiyi.com",
            "remarks_base64" : "SEvpppnmuK8xKE5ldGZsaXgvVFZCKQ",
            "group" : "9ifast",
            "enable" : true,
            "udp_over_tcp" : false
        },
        {
            "remarks" : "HK香港2(Netflix/TVB)",
            "id" : "",
            "server" : "hk-2.uspeeder.com",
            "server_port" : 15229,
            "server_udp_port" : 0,
            "password" : "jq7n1J6o",
            "method" : "none",
            "protocol" : "auth_chain_a",
            "protocolparam" : "",
            "obfs" : "tls1.2_ticket_auth",
            "obfsparam" : "tw.iqiyi.com",
            "remarks_base64" : "SEvpppnmuK8yKE5ldGZsaXgvVFZCKQ",
            "group" : "9ifast",
            "enable" : true,
            "udp_over_tcp" : false
        },
        {
            "remarks" : "TW台湾1(Netflix专用)",
            "id" : "",
            "server" : "tw-1.uspeeder.com",
            "server_port" : 15229,
            "server_udp_port" : 0,
            "password" : "jq7n1J6o",
            "method" : "none",
            "protocol" : "auth_chain_a",
            "protocolparam" : "",
            "obfs" : "tls1.2_ticket_auth",
            "obfsparam" : "tw.iqiyi.com",
            "remarks_base64" : "VFflj7Dmub4xKE5ldGZsaXjkuJPnlKgp",
            "group" : "9ifast",
            "enable" : true,
            "udp_over_tcp" : false
        },
        {
            "remarks" : "TW台湾2(Netflix专用)",
            "id" : "",
            "server" : "tw-2.uspeeder.com",
            "server_port" : 15229,
            "server_udp_port" : 0,
            "password" : "jq7n1J6o",
            "method" : "none",
            "protocol" : "auth_chain_a",
            "protocolparam" : "",
            "obfs" : "tls1.2_ticket_auth",
            "obfsparam" : "tw.iqiyi.com",
            "remarks_base64" : "VFflj7Dmub4yKE5ldGZsaXjkuJPnlKgp",
            "group" : "9ifast",
            "enable" : true,
            "udp_over_tcp" : false
        },
        {
            "remarks" : "JP日本(Netflix/Abema/DMM)",
            "id" : "",
            "server" : "jp-1.uspeeder.com",
            "server_port" : 15229,
            "server_udp_port" : 0,
            "password" : "jq7n1J6o",
            "method" : "none",
            "protocol" : "auth_chain_a",
            "protocolparam" : "",
            "obfs" : "tls1.2_ticket_auth",
            "obfsparam" : "tw.iqiyi.com",
            "remarks_base64" : "SlDml6XmnKwoTmV0ZmxpeC9BYmVtYS9ETU0p",
            "group" : "9ifast",
            "enable" : true,
            "udp_over_tcp" : false
        },
        {
            "remarks" : "KR韩国(视频)",
            "id" : "",
            "server" : "kr-1.uspeeder.com",
            "server_port" : 15229,
            "server_udp_port" : 0,
            "password" : "jq7n1J6o",
            "method" : "none",
            "protocol" : "auth_chain_a",
            "protocolparam" : "",
            "obfs" : "tls1.2_ticket_auth",
            "obfsparam" : "tw.iqiyi.com",
            "remarks_base64" : "S1Lpn6nlm70o6KeG6aKRKQ",
            "group" : "9ifast",
            "enable" : true,
            "udp_over_tcp" : false
        },
        {
            "remarks" : "VN越南(视频)",
            "id" : "",
            "server" : "vn-1.uspeeder.com",
            "server_port" : 15229,
            "server_udp_port" : 0,
            "password" : "jq7n1J6o",
            "method" : "none",
            "protocol" : "auth_chain_a",
            "protocolparam" : "",
            "obfs" : "tls1.2_ticket_auth",
            "obfsparam" : "tw.iqiyi.com",
            "remarks_base64" : "Vk7otorljZco6KeG6aKRKQ",
            "group" : "9ifast",
            "enable" : true,
            "udp_over_tcp" : false
        }
    ],
    "index" : 0,
    "random" : false,
    "sysProxyMode" : 2,
    "shareOverLan" : true,
    "localPort" : 1080,
    "localAuthPassword" : "Hs0-whuVYCPUMtAnr7KN",
    "dns_server" : "",
    "reconnectTimes" : 2,
    "randomAlgorithm" : 4,
    "randomInGroup" : true,
    "TTL" : 0,
    "connect_timeout" : 5,
    "proxyRuleMode" : 0,
    "proxyEnable" : false,
    "pacDirectGoProxy" : false,
    "proxyType" : 0,
    "proxyHost" : "",
    "proxyPort" : 0,
    "proxyAuthUser" : "",
    "proxyAuthPass" : "",
    "proxyUserAgent" : "",
    "authUser" : "",
    "authPass" : "",
    "autoBan" : false,
    "sameHostForSameTarget" : false,
    "keepVisitTime" : 180,
    "isHideTips" : false,
    "nodeFeedURL" : "https://6.subssr.club/ssr/TVRVeU1qa3xhbkUzYmpGS05tOHxPV2xtWVhOMA",
    "nodeFeedGroup" : "9ifast",
    "nodeFeedAutoUpdate" : true,
    "token" : {

    },
    "portMap" : {

    }
}
